,customer_id,full_name,create_date,address,district,city,country
0,1,Mary Smith,2006-02-14,1913 Hanoi Way,Nagasaki,Sasebo,Japan
1,2,Patricia Johnson,2006-02-14,1121 Loja Avenue,California,San Bernardino,United States
2,3,Linda Williams,2006-02-14,692 Joliet Street,Attika,Athenai,Greece
3,4,Barbara Jones,2006-02-14,1566 Inegl Manor,Mandalay,Myingyan,Myanmar
4,5,Elizabeth Brown,2006-02-14,53 Idfu Parkway,Nantou,Nantou,Taiwan
5,6,Jennifer Davis,2006-02-14,1795 Santiago de Compostela Way,Texas,Laredo,United States
6,7,Maria Miller,2006-02-14,900 Santiago de Compostela Parkway,Central Serbia,Kragujevac,Yugoslavia
7,8,Susan Wilson,2006-02-14,478 Joliet Way,Hamilton,Hamilton,New Zealand
8,9,Margaret Moore,2006-02-14,613 Korolev Drive,Masqat,Masqat,Oman
9,10,Dorothy Taylor,2006-02-14,1531 Sal Drive,Esfahan,Esfahan,Iran
10,11,Lisa Anderson,2006-02-14,1542 Tarlac Parkway,Kanagawa,Sagamihara,Japan
11,12,Nancy Thomas,2006-02-14,808 Bhopal Manor,Haryana,Yamuna Nagar,India
12,13,Karen Jackson,2006-02-14,270 Amroha Parkway,Osmaniye,Osmaniye,Turkey
13,14,Betty White,2006-02-14,770 Bydgoszcz Avenue,California,Citrus Heights,United States
14,15,Helen Harris,2006-02-14,419 Iligan Lane,Madhya Pradesh,Bhopal,India
15,16,Sandra Martin,2006-02-14,360 Toulouse Parkway,England,Southend-on-Sea,United Kingdom
16,17,Donna Thompson,2006-02-14,270 Toulon Boulevard,Kalmykia,Elista,Russian Federation
17,18,Carol Garcia,2006-02-14,320 Brest Avenue,Kaduna,Kaduna,Nigeria
18,19,Ruth Martinez,2006-02-14,1417 Lancaster Avenue,Northern Cape,Kimberley,South Africa
19,20,Sharon Robinson,2006-02-14,1688 Okara Way,Nothwest Border Prov,Mardan,Pakistan
20,21,Michelle Clark,2006-02-14,262 A Corua (La Corua) Parkway,Dhaka,Tangail,Bangladesh
21,22,Laura Rodriguez,2006-02-14,28 Charlotte Amalie Street,Rabat-Sal-Zammour-Z,Sal,Morocco
22,23,Sarah Lewis,2006-02-14,1780 Hino Boulevard,Liepaja,Liepaja,Latvia
23,24,Kimberly Lee,2006-02-14,96 Tafuna Way,Crdoba,Crdoba,Argentina
24,25,Deborah Walker,2006-02-14,934 San Felipe de Puerto Plata Street,Sind,Shikarpur,Pakistan
25,26,Jessica Hall,2006-02-14,18 Duisburg Boulevard,,Citt del Vaticano,Holy See (Vatican City State)
26,27,Shirley Allen,2006-02-14,217 Botshabelo Place,Southern Mindanao,Davao,Philippines
27,28,Cynthia Young,2006-02-14,1425 Shikarpur Manor,Bihar,Munger (Monghyr),India
28,29,Angela Hernandez,2006-02-14,786 Aurora Avenue,Yamaguchi,Shimonoseki,Japan
29,30,Melissa King,2006-02-14,1668 Anpolis Street,Taipei,Lungtan,Taiwan
30,31,Brenda Wright,2006-02-14,33 Gorontalo Way,West Bengali,Kamarhati,India
31,32,Amy Lopez,2006-02-14,176 Mandaluyong Place,Uttar Pradesh,Jhansi,India
32,33,Anna Hill,2006-02-14,127 Purnea (Purnia) Manor,Piemonte,Alessandria,Italy
33,34,Rebecca Scott,2006-02-14,61 Tama Street,Okayama,Kurashiki,Japan
34,35,Virginia Green,2006-02-14,391 Callao Drive,Midi-Pyrnes,Toulouse,France
35,36,Kathleen Adams,2006-02-14,334 Munger (Monghyr) Lane,Markazi,Arak,Iran
36,37,Pamela Baker,2006-02-14,1440 Fukuyama Loop,Henan,Nanyang,China
37,38,Martha Gonzalez,2006-02-14,269 Cam Ranh Parkway,Chisinau,Chisinau,Moldova
38,39,Debra Nelson,2006-02-14,306 Antofagasta Place,Esprito Santo,Vila Velha,Brazil
39,40,Amanda Carter,2006-02-14,671 Graz Street,Oriental,Nador,Morocco
40,41,Stephanie Mitchell,2006-02-14,42 Brindisi Place,Yerevan,Yerevan,Armenia
41,42,Carolyn Perez,2006-02-14,1632 Bislig Avenue,Nonthaburi,Pak Kret,Thailand
42,43,Christine Roberts,2006-02-14,1447 Imus Way,Tahiti,Faaa,French Polynesia
43,44,Marie Turner,2006-02-14,1998 Halifax Drive,Lipetsk,Lipetsk,Russian Federation
44,45,Janet Phillips,2006-02-14,1718 Valencia Street,Antofagasta,Antofagasta,Chile
45,46,Catherine Campbell,2006-02-14,46 Pjatigorsk Lane,Moscow (City),Moscow,Russian Federation
46,47,Frances Parker,2006-02-14,686 Garland Manor,Cear,Juazeiro do Norte,Brazil
47,48,Ann Evans,2006-02-14,909 Garland Manor,Tatarstan,Niznekamsk,Russian Federation
48,49,Joyce Edwards,2006-02-14,725 Isesaki Place,Mekka,Jedda,Saudi Arabia
49,50,Diane Collins,2006-02-14,115 Hidalgo Parkway,Khartum,Omdurman,Sudan
50,51,Alice Stewart,2006-02-14,1135 Izumisano Parkway,California,Fontana,United States
51,52,Julie Sanchez,2006-02-14,939 Probolinggo Loop,Galicia,A Corua (La Corua),Spain
52,53,Heather Morris,2006-02-14,17 Kabul Boulevard,Chiba,Nagareyama,Japan
53,54,Teresa Rogers,2006-02-14,1964 Allappuzha (Alleppey) Street,Yamaguchi,Iwakuni,Japan
54,55,Doris Reed,2006-02-14,1697 Kowloon and New Kowloon Loop,Moskova,Balaiha,Russian Federation
55,56,Gloria Cook,2006-02-14,1668 Saint Louis Place,Tahiti,Papeete,French Polynesia
56,57,Evelyn Morgan,2006-02-14,943 Tokat Street,Vaduz,Vaduz,Liechtenstein
57,58,Jean Bell,2006-02-14,1114 Liepaja Street,Sarawak,Kuching,Malaysia
58,59,Cheryl Murphy,2006-02-14,1213 Ranchi Parkway,Karnataka,Mysore,India
59,60,Mildred Bailey,2006-02-14,81 Hodeida Way,Rajasthan,Jaipur,India
60,61,Katherine Rivera,2006-02-14,915 Ponce Place,Basel-Stadt,Basel,Switzerland
61,62,Joan Cooper,2006-02-14,1717 Guadalajara Lane,Missouri,Saint Louis,United States
62,63,Ashley Richardson,2006-02-14,1214 Hanoi Way,Nebraska,Lincoln,United States
63,64,Judith Cox,2006-02-14,1966 Amroha Avenue,Sichuan,Daxian,China
64,65,Rose Howard,2006-02-14,698 Otsu Street,Cayenne,Cayenne,French Guiana
65,66,Janice Ward,2006-02-14,1150 Kimchon Manor,Skne ln,Malm,Sweden
66,67,Kelly Torres,2006-02-14,1586 Guaruj Place,Hunan,Xiangtan,China
67,68,Nicole Peterson,2006-02-14,57 Arlington Manor,Madhya Pradesh,Shivapuri,India
68,69,Judy Gray,2006-02-14,1031 Daugavpils Parkway,Bchar,Bchar,Algeria
69,70,Christina Ramirez,2006-02-14,1124 Buenaventura Drive,Mekka,al-Hawiya,Saudi Arabia
70,71,Kathy James,2006-02-14,492 Cam Ranh Street,Eastern Visayas,Baybay,Philippines
71,72,Theresa Watson,2006-02-14,89 Allappuzha (Alleppey) Manor,National Capital Reg,Taguig,Philippines
72,73,Beverly Brooks,2006-02-14,1947 Poos de Caldas Boulevard,Chiayi,Chiayi,Taiwan
73,74,Denise Kelly,2006-02-14,1206 Dos Quebradas Place,So Paulo,Rio Claro,Brazil
74,75,Tammy Sanders,2006-02-14,1551 Rampur Lane,Changhwa,Changhwa,Taiwan
75,76,Irene Price,2006-02-14,602 Paarl Street,Pavlodar,Pavlodar,Kazakstan
76,77,Jane Bennett,2006-02-14,1692 Ede Loop,So Paulo,Araatuba,Brazil
77,78,Lori Wood,2006-02-14,936 Salzburg Lane,Uttar Pradesh,Rae Bareli,India
78,79,Rachel Barnes,2006-02-14,586 Tete Way,Kanagawa,Kamakura,Japan
79,80,Marilyn Ross,2006-02-14,1888 Kabul Drive,Oyo & Osun,Ife,Nigeria
80,81,Andrea Henderson,2006-02-14,320 Baiyin Parkway,Mahajanga,Mahajanga,Madagascar
81,82,Kathryn Coleman,2006-02-14,927 Baha Blanca Parkway,Krim,Simferopol,Ukraine
82,83,Louise Jenkins,2006-02-14,929 Tallahassee Loop,Gauteng,Springs,South Africa
83,84,Sara Perry,2006-02-14,125 Citt del Vaticano Boulevard,Puebla,Atlixco,Mexico
84,85,Anne Powell,2006-02-14,1557 Ktahya Boulevard,England,Bradford,United Kingdom
85,86,Jacqueline Long,2006-02-14,870 Ashqelon Loop,Songkhla,Songkhla,Thailand
86,87,Wanda Patterson,2006-02-14,1740 Portoviejo Avenue,Sucre,Sincelejo,Colombia
87,88,Bonnie Hughes,2006-02-14,1942 Ciparay Parkway,Cheju,Cheju,South Korea
88,89,Julia Flores,2006-02-14,1926 El Alto Avenue,Buenos Aires,La Plata,Argentina
89,90,Ruby Washington,2006-02-14,1952 Chatsworth Drive,Guangdong,Meixian,China
90,91,Lois Butler,2006-02-14,1370 Le Mans Avenue,Brunei and Muara,Bandar Seri Begawan,Brunei
91,92,Tina Simmons,2006-02-14,984 Effon-Alaiye Avenue,Gois,Goinia,Brazil
92,93,Phyllis Foster,2006-02-14,832 Nakhon Sawan Manor,Inner Mongolia,Zalantun,China
93,94,Norma Gonzales,2006-02-14,152 Kitwe Parkway,Caraga,Bislig,Philippines
94,95,Paula Bryant,2006-02-14,1697 Tanauan Lane,Punjab,Pathankot,India
95,96,Diana Alexander,2006-02-14,1308 Arecibo Way,Georgia,Augusta-Richmond County,United States
96,97,Annie Russell,2006-02-14,1599 Plock Drive,Tete,Tete,Mozambique
97,98,Lillian Griffin,2006-02-14,669 Firozabad Loop,Abu Dhabi,al-Ayn,United Arab Emirates
98,99,Emily Diaz,2006-02-14,588 Vila Velha Manor,Kyongsangbuk,Kimchon,South Korea
99,100,Robin Hayes,2006-02-14,1913 Kamakura Place,Lipetsk,Jelets,Russian Federation
100,101,Peggy Myers,2006-02-14,733 Mandaluyong Place,Asir,Abha,Saudi Arabia
101,102,Crystal Ford,2006-02-14,659 Vaduz Drive,Ha Darom,Ashdod,Israel
102,103,Gladys Hamilton,2006-02-14,1177 Jelets Way,Kwara & Kogi,Ilorin,Nigeria
103,104,Rita Graham,2006-02-14,1386 Yangor Avenue,Provence-Alpes-Cte,Toulon,France
104,105,Dawn Sullivan,2006-02-14,454 Nakhon Sawan Boulevard,Funafuti,Funafuti,Tuvalu
105,106,Connie Wallace,2006-02-14,1867 San Juan Bautista Tuxtepec Avenue,Ivanovo,Ivanovo,Russian Federation
106,107,Florence Woods,2006-02-14,1532 Dzerzinsk Way,Buenos Aires,Merlo,Argentina
107,108,Tracy Cole,2006-02-14,1002 Ahmadnagar Manor,Mxico,Huixquilucan,Mexico
108,109,Edna West,2006-02-14,682 Junan Way,North West,Klerksdorp,South Africa
109,110,Tiffany Jordan,2006-02-14,804 Elista Drive,Hubei,Enshi,China
110,111,Carmen Owens,2006-02-14,1378 Alvorada Avenue,Distrito Federal,Caracas,Venezuela
111,112,Rosa Reynolds,2006-02-14,793 Cam Ranh Avenue,California,Lancaster,United States
112,113,Cindy Fisher,2006-02-14,1079 Tel Aviv-Jaffa Boulevard,Sucre,Cuman,Venezuela
113,114,Grace Ellis,2006-02-14,442 Rae Bareli Place,Nordrhein-Westfalen,Duisburg,Germany
114,115,Wendy Harrison,2006-02-14,1107 Nakhon Sawan Avenue,Mxico,Nezahualcyotl,Mexico
115,116,Victoria Gibson,2006-02-14,544 Malm Parkway,Central Java,Pemalang,Indonesia
116,117,Edith Mcdonald,2006-02-14,1967 Sincelejo Place,Gujarat,Gandhinagar,India
117,118,Kim Cruz,2006-02-14,333 Goinia Way,Texas,Grand Prairie,United States
118,119,Sherry Marshall,2006-02-14,1987 Coacalco de Berriozbal Loop,al-Qalyubiya,Shubra al-Khayma,Egypt
119,120,Sylvia Ortiz,2006-02-14,241 Mosul Lane,Risaralda,Dos Quebradas,Colombia
120,121,Josephine Gomez,2006-02-14,211 Chiayi Drive,Uttar Pradesh,Etawah,India
121,122,Thelma Murray,2006-02-14,1175 Tanauan Way,Lima,Lima,Peru
122,123,Shannon Freeman,2006-02-14,117 Boa Vista Way,Uttar Pradesh,Varanasi (Benares),India
123,124,Sheila Wells,2006-02-14,848 Tafuna Manor,Ktahya,Ktahya,Turkey
124,125,Ethel Webb,2006-02-14,569 Baicheng Lane,Gauteng,Boksburg,South Africa
125,126,Ellen Simpson,2006-02-14,1666 Qomsheh Drive,So Paulo,Po,Brazil
126,127,Elaine Stevens,2006-02-14,801 Hagonoy Drive,Smolensk,Smolensk,Russian Federation
127,128,Marjorie Tucker,2006-02-14,1050 Garden Grove Avenue,Slaskie,Jastrzebie-Zdrj,Poland
128,129,Carrie Porter,2006-02-14,1854 Tieli Street,Shandong,Liaocheng,China
129,130,Charlotte Hunter,2006-02-14,758 Junan Lane,Gois,guas Lindas de Gois,Brazil
130,131,Monica Hicks,2006-02-14,1752 So Leopoldo Parkway,Taka-Karpatia,Mukateve,Ukraine
131,132,Esther Crawford,2006-02-14,898 Belm Manor,Free State,Botshabelo,South Africa
132,133,Pauline Henry,2006-02-14,261 Saint Louis Way,Coahuila de Zaragoza,Torren,Mexico
133,134,Emma Boyd,2006-02-14,765 Southampton Drive,al-Qalyubiya,Qalyub,Egypt
134,135,Juanita Mason,2006-02-14,943 Johannesburg Avenue,Maharashtra,Pune,India
135,136,Anita Morales,2006-02-14,788 Atinsk Street,Karnataka,Hubli-Dharwad,India
136,137,Rhonda Kennedy,2006-02-14,1749 Daxian Place,Gelderland,Apeldoorn,Netherlands
137,138,Hazel Warren,2006-02-14,1587 Sullana Lane,Inner Mongolia,Hohhot,China
138,139,Amber Dixon,2006-02-14,1029 Dzerzinsk Manor,Ynlin,Touliu,Taiwan
139,140,Eva Ramos,2006-02-14,1666 Beni-Mellal Place,Tennessee,Clarksville,United States
140,141,Debbie Reyes,2006-02-14,928 Jaffna Loop,Hiroshima,Fukuyama,Japan
141,142,April Burns,2006-02-14,483 Ljubertsy Parkway,Scotland,Dundee,United Kingdom
142,143,Leslie Gordon,2006-02-14,374 Bat Yam Boulevard,Kilis,Kilis,Turkey
143,144,Clara Shaw,2006-02-14,1027 Songkhla Manor,Minsk,Molodetno,Belarus
144,145,Lucille Holmes,2006-02-14,999 Sanaa Loop,Gauteng,Soshanguve,South Africa
145,146,Jamie Rice,2006-02-14,879 Newcastle Way,Michigan,Sterling Heights,United States
146,147,Joanne Robertson,2006-02-14,1337 Lincoln Parkway,Saitama,Urawa,Japan
147,148,Eleanor Hunt,2006-02-14,1952 Pune Lane,Saint-Denis,Saint-Denis,Runion
148,149,Valerie Black,2006-02-14,782 Mosul Street,Massachusetts,Brockton,United States
149,150,Danielle Daniels,2006-02-14,781 Shimonoseki Drive,Michoacn de Ocampo,Hidalgo,Mexico
150,151,Megan Palmer,2006-02-14,1560 Jelets Boulevard,Shandong,Laiwu,China
151,152,Alicia Mills,2006-02-14,1963 Moscow Place,Assam,Nagaon,India
152,153,Suzanne Nichols,2006-02-14,456 Escobar Way,Jakarta Raya,Jakarta,Indonesia
153,154,Michele Grant,2006-02-14,798 Cianjur Avenue,Shanxi,Yuncheng,China
154,155,Gail Knight,2006-02-14,185 Novi Sad Place,Bern,Bern,Switzerland
155,156,Bertha Ferguson,2006-02-14,1367 Yantai Manor,Ondo & Ekiti,Ondo,Nigeria
156,157,Darlene Rose,2006-02-14,1386 Nakhon Sawan Boulevard,Pyongyang-si,Pyongyang,North Korea
157,158,Veronica Stone,2006-02-14,369 Papeete Way,North Carolina,Greensboro,United States
158,159,Jill Hawkins,2006-02-14,1440 Compton Place,North Austria,Linz,Austria
159,160,Erin Dunn,2006-02-14,1623 Baha Blanca Manor,Moskova,Ljubertsy,Russian Federation
160,161,Geraldine Perkins,2006-02-14,97 Shimoga Avenue,Tel Aviv,Tel Aviv-Jaffa,Israel
161,162,Lauren Hudson,2006-02-14,1740 Le Mans Loop,Pays de la Loire,Le Mans,France
162,163,Cathy Spencer,2006-02-14,1287 Xiangfan Boulevard,Gifu,Kakamigahara,Japan
163,164,Joann Gardner,2006-02-14,842 Salzburg Lane,Adana,Tarsus,Turkey
164,165,Lorraine Stephens,2006-02-14,154 Tallahassee Loop,Xinxiang,Hami,China
165,166,Lynn Payne,2006-02-14,710 San Felipe del Progreso Avenue,Lilongwe,Lilongwe,Malawi
166,167,Sally Pierce,2006-02-14,1540 Wroclaw Drive,Maharashtra,Chandrapur,India
167,168,Regina Berry,2006-02-14,475 Atinsk Way,Gansu,Jinchang,China
168,169,Erica Matthews,2006-02-14,1294 Firozabad Drive,Jiangxi,Pingxiang,China
169,170,Beatrice Arnold,2006-02-14,1877 Ezhou Lane,Rajasthan,Udaipur,India
170,171,Dolores Wagner,2006-02-14,316 Uruapan Street,Perak,Ipoh,Malaysia
171,172,Bernice Willis,2006-02-14,29 Pyongyang Loop,Batman,Batman,Turkey
172,173,Audrey Ray,2006-02-14,1010 Klerksdorp Way,Steiermark,Graz,Austria
173,174,Yvonne Watkins,2006-02-14,1848 Salala Boulevard,Miranda,Ocumare del Tuy,Venezuela
174,175,Annette Olson,2006-02-14,431 Xiangtan Avenue,Kerala,Allappuzha (Alleppey),India
175,176,June Carroll,2006-02-14,757 Rustenburg Avenue,Skikda,Skikda,Algeria
176,177,Samantha Duncan,2006-02-14,146 Johannesburg Way,Tamaulipas,Matamoros,Mexico
177,178,Marion Snyder,2006-02-14,1891 Rizhao Boulevard,So Paulo,Santa Brbara dOeste,Brazil
178,179,Dana Hart,2006-02-14,1089 Iwatsuki Avenue,Kirov,Kirovo-Tepetsk,Russian Federation
179,180,Stacy Cunningham,2006-02-14,1410 Benin City Parkway,Risaralda,Pereira,Colombia
180,181,Ana Bradley,2006-02-14,682 Garden Grove Place,Tennessee,Memphis,United States
181,182,Renee Lane,2006-02-14,533 al-Ayn Boulevard,California,Compton,United States
182,183,Ida Andrews,2006-02-14,1839 Szkesfehrvr Parkway,Gois,Luzinia,Brazil
183,184,Vivian Ruiz,2006-02-14,741 Ambattur Manor,Noord-Brabant,s-Hertogenbosch,Netherlands
184,185,Roberta Harper,2006-02-14,927 Barcelona Street,Chaharmahal va Bakht,Shahr-e Kord,Iran
185,186,Holly Fox,2006-02-14,435 0 Way,West Bengali,Haldia,India
186,187,Brittany Riley,2006-02-14,140 Chiayi Parkway,Sumy,Sumy,Ukraine
187,188,Melanie Armstrong,2006-02-14,1166 Changhwa Street,Caraga,Bayugan,Philippines
188,189,Loretta Carpenter,2006-02-14,891 Novi Sad Manor,Ontario,Oshawa,Canada
189,190,Yolanda Weaver,2006-02-14,605 Rio Claro Parkway,Tabora,Tabora,Tanzania
190,191,Jeanette Greene,2006-02-14,1077 San Felipe de Puerto Plata Place,Rostov-na-Donu,Novoterkassk,Russian Federation
191,192,Laurie Lawrence,2006-02-14,9 San Miguel de Tucumn Manor,Uttar Pradesh,Firozabad,India
192,193,Katie Elliott,2006-02-14,447 Surakarta Loop,Nyanza,Kisumu,Kenya
193,194,Kristen Chavez,2006-02-14,345 Oshawa Boulevard,Tokyo-to,Hino,Japan
194,195,Vanessa Sims,2006-02-14,1792 Valle de la Pascua Place,Nordrhein-Westfalen,Siegen,Germany
195,196,Alma Austin,2006-02-14,1074 Binzhou Manor,Baden-Wrttemberg,Mannheim,Germany
196,197,Sue Peters,2006-02-14,817 Bradford Loop,Jiangsu,Changzhou,China
197,198,Elsie Kelley,2006-02-14,955 Bamenda Way,Ondo & Ekiti,Ikerre,Nigeria
198,199,Beth Franklin,2006-02-14,1149 A Corua (La Corua) Boulevard,Haiphong,Haiphong,Vietnam
199,200,Jeanne Lawson,2006-02-14,387 Mwene-Ditu Drive,Ahal,Ashgabat,Turkmenistan
200,201,Vicki Fields,2006-02-14,68 Molodetno Manor,Nordrhein-Westfalen,Witten,Germany
201,202,Carla Gutierrez,2006-02-14,642 Nador Drive,Maharashtra,Bhusawal,India
202,203,Tara Ryan,2006-02-14,1688 Nador Lane,Sulawesi Utara,Gorontalo,Indonesia
203,204,Rosemary Schmidt,2006-02-14,1215 Pyongyang Parkway,Usak,Usak,Turkey
204,205,Eileen Carr,2006-02-14,1679 Antofagasta Street,Alto Paran,Ciudad del Este,Paraguay
205,206,Terri Vasquez,2006-02-14,1304 s-Hertogenbosch Way,Santa Catarina,Blumenau,Brazil
206,207,Gertrude Castillo,2006-02-14,850 Salala Loop,Kitaa,Nuuk,Greenland
207,208,Lucy Wheeler,2006-02-14,624 Oshawa Boulevard,West Bengali,Balurghat,India
208,209,Tonya Chapman,2006-02-14,43 Dadu Avenue,Rajasthan,Bhilwara,India
209,210,Ella Oliver,2006-02-14,751 Lima Loop,Aden,Aden,Yemen
210,211,Stacey Montgomery,2006-02-14,1333 Haldia Street,Jilin,Fuyu,China
211,212,Wilma Richards,2006-02-14,660 Jedda Boulevard,Washington,Bellevue,United States
212,213,Gina Williamson,2006-02-14,1001 Miyakonojo Lane,Taizz,Taizz,Yemen
213,214,Kristin Johnston,2006-02-14,226 Brest Manor,California,Sunnyvale,United States
214,215,Jessie Banks,2006-02-14,1229 Valencia Parkway,Haskovo,Stara Zagora,Bulgaria
215,216,Natalie Meyer,2006-02-14,1201 Qomsheh Manor,Gois,Aparecida de Goinia,Brazil
216,217,Agnes Bishop,2006-02-14,866 Shivapuri Manor,Uttar Pradesh,Sambhal,India
217,218,Vera Mccoy,2006-02-14,1168 Najafabad Parkway,Kabol,Kabul,Afghanistan
218,219,Willie Howell,2006-02-14,1244 Allappuzha (Alleppey) Place,Buenos Aires,Vicente Lpez,Argentina
219,220,Charlene Alvarez,2006-02-14,1842 Luzinia Boulevard,Zanzibar West,Zanzibar,Tanzania
220,221,Bessie Morrison,2006-02-14,1926 Gingoog Street,Sisilia,Syrakusa,Italy
221,222,Delores Hansen,2006-02-14,810 Palghat (Palakkad) Boulevard,Jaroslavl,Jaroslavl,Russian Federation
222,223,Melinda Fernandez,2006-02-14,1820 Maring Parkway,Punjab,Mandi Bahauddin,Pakistan
223,224,Pearl Garza,2006-02-14,60 Poos de Caldas Street,Rajasthan,Jodhpur,India
224,225,Arlene Harvey,2006-02-14,1014 Loja Manor,Tamil Nadu,Ambattur,India
225,226,Maureen Little,2006-02-14,201 Effon-Alaiye Way,Asuncin,Asuncin,Paraguay
226,227,Colleen Burton,2006-02-14,430 Alessandria Loop,Saarland,Saarbrcken,Germany
227,228,Allison Stanley,2006-02-14,754 Valencia Place,Phnom Penh,Phnom Penh,Cambodia
228,229,Tamara Nguyen,2006-02-14,356 Olomouc Manor,Gois,Anpolis,Brazil
229,230,Joy George,2006-02-14,1256 Bislig Boulevard,Botosani,Botosani,Romania
230,231,Georgia Jacobs,2006-02-14,954 Kimchon Place,West Bengali,Uttarpara-Kotrung,India
231,232,Constance Reid,2006-02-14,885 Yingkou Manor,Kaduna,Zaria,Nigeria
232,233,Lillie Kim,2006-02-14,1736 Cavite Place,Qina,Idfu,Egypt
233,234,Claudia Fuller,2006-02-14,346 Skikda Parkway,Hawalli,Jalib al-Shuyukh,Kuwait
234,235,Jackie Lynch,2006-02-14,98 Stara Zagora Boulevard,Valle,Buenaventura,Colombia
235,236,Marcia Dean,2006-02-14,1479 Rustenburg Boulevard,Southern Tagalog,Tanza,Philippines
236,237,Tanya Gilbert,2006-02-14,647 A Corua (La Corua) Street,Chollanam,Naju,South Korea
237,238,Nellie Garrett,2006-02-14,1964 Gijn Manor,Karnataka,Shimoga,India
238,239,Minnie Romero,2006-02-14,47 Syktyvkar Lane,West Java,Ciomas,Indonesia
239,240,Marlene Welch,2006-02-14,1148 Saarbrcken Parkway,Fukushima,Iwaki,Japan
240,241,Heidi Larson,2006-02-14,1103 Bilbays Parkway,Hubei,Xiangfan,China
241,242,Glenda Frazier,2006-02-14,1246 Boksburg Parkway,Hebei,Qinhuangdao,China
242,243,Lydia Burke,2006-02-14,1483 Pathankot Street,Tucumn,San Miguel de Tucumn,Argentina
243,244,Viola Hanson,2006-02-14,582 Papeete Loop,Central Visayas,Lapu-Lapu,Philippines
244,245,Courtney Day,2006-02-14,300 Junan Street,Kyonggi,Uijongbu,South Korea
245,246,Marian Mendoza,2006-02-14,829 Grand Prairie Way,Paran,Maring,Brazil
246,247,Stella Moreno,2006-02-14,1473 Changhwa Parkway,Mxico,Coacalco de Berriozbal,Mexico
247,248,Caroline Bowman,2006-02-14,1309 Weifang Street,Florida,Tallahassee,United States
248,249,Dora Medina,2006-02-14,1760 Oshawa Manor,Tianjin,Tianjin,China
249,250,Jo Fowler,2006-02-14,786 Stara Zagora Way,Oyo & Osun,Oyo,Nigeria
250,251,Vickie Brewer,2006-02-14,1966 Tonghae Street,Anhalt Sachsen,Halle/Saale,Germany
251,252,Mattie Hoffman,2006-02-14,1497 Yuzhou Drive,England,London,United Kingdom
252,253,Terry Carlson,2006-02-14,752 Ondo Loop,Miyazaki,Miyakonojo,Japan
253,254,Maxine Silva,2006-02-14,1338 Zalantun Lane,Minas Gerais,Poos de Caldas,Brazil
254,255,Irma Pearson,2006-02-14,127 Iwakuni Boulevard,Central Luzon,Hagonoy,Philippines
255,256,Mabel Holland,2006-02-14,51 Laredo Avenue,Sagaing,Monywa,Myanmar
256,257,Marsha Douglas,2006-02-14,771 Yaound Manor,Sofala,Beira,Mozambique
257,258,Myrtle Fleming,2006-02-14,532 Toulon Street,Santiago,Santiago de los Caballeros,Dominican Republic
258,259,Lena Jensen,2006-02-14,1027 Banjul Place,West Bengali,Halisahar,India
259,260,Christy Vargas,2006-02-14,1158 Mandi Bahauddin Parkway,Shanxi,Datong,China
260,261,Deanna Byrd,2006-02-14,862 Xintai Lane,Cagayan Valley,Tuguegarao,Philippines
261,262,Patsy Davidson,2006-02-14,816 Cayenne Parkway,Manab,Portoviejo,Ecuador
262,263,Hilda Hopkins,2006-02-14,1831 Nam Dinh Loop,National Capital Reg,Mandaluyong,Philippines
263,264,Gwendolyn May,2006-02-14,446 Kirovo-Tepetsk Lane,Osaka,Higashiosaka,Japan
264,265,Jennie Terry,2006-02-14,682 Halisahar Place,Severn Morava,Olomouc,Czech Republic
265,266,Nora Herrera,2006-02-14,1587 Loja Manor,Salzburg,Salzburg,Austria
266,267,Margie Wade,2006-02-14,1762 Paarl Parkway,Hunan,Lengshuijiang,China
267,268,Nina Soto,2006-02-14,1519 Ilorin Place,Kerala,Palghat (Palakkad),India
268,269,Cassandra Walters,2006-02-14,920 Kumbakonam Loop,California,Salinas,United States
269,270,Leah Curtis,2006-02-14,906 Goinia Way,Wielkopolskie,Kalisz,Poland
270,271,Penny Neal,2006-02-14,1675 Xiangfan Manor,Tamil Nadu,Kumbakonam,India
271,272,Kay Caldwell,2006-02-14,85 San Felipe de Puerto Plata Drive,Shandong,Yantai,China
272,273,Priscilla Lowe,2006-02-14,144 South Hill Loop,Guanajuato,Salamanca,Mexico
273,274,Naomi Jennings,2006-02-14,1884 Shikarpur Avenue,Haryana,Karnal,India
274,275,Carole Barnett,2006-02-14,1980 Kamjanets-Podilskyi Street,Illinois,Peoria,United States
275,276,Brandy Graves,2006-02-14,1944 Bamenda Way,Michigan,Warren,United States
276,277,Olga Jimenez,2006-02-14,556 Baybay Manor,Oyo & Osun,Ogbomosho,Nigeria
277,278,Billie Horton,2006-02-14,457 Tongliao Loop,Bursa,Inegl,Turkey
278,279,Dianne Shelton,2006-02-14,600 Bradford Street,East Azerbaidzan,Tabriz,Iran
279,280,Tracey Barrett,2006-02-14,1006 Santa Brbara dOeste Manor,Ondo & Ekiti,Owo,Nigeria
280,281,Leona Obrien,2006-02-14,1308 Sumy Loop,Fujian,Fuzhou,China
281,282,Jenny Castro,2006-02-14,1405 Chisinau Place,Ponce,Ponce,Puerto Rico
282,283,Felicia Sutton,2006-02-14,226 Halifax Street,Xinxiang,Korla,China
283,284,Sonia Gregory,2006-02-14,1279 Udine Parkway,Edo & Delta,Benin City,Nigeria
284,285,Miriam Mckinney,2006-02-14,1336 Benin City Drive,Shiga,Otsu,Japan
285,286,Velma Lucas,2006-02-14,1155 Liaocheng Place,Oyo & Osun,Effon-Alaiye,Nigeria
286,287,Becky Miles,2006-02-14,1993 Tabuk Lane,Tamil Nadu,Tambaram,India
287,288,Bobbie Craig,2006-02-14,86 Higashiosaka Lane,Guanajuato,Valle de Santiago,Mexico
288,289,Violet Rodriquez,2006-02-14,1912 Allende Manor,Kowloon and New Kowl,Kowloon and New Kowloon,Hong Kong
289,290,Kristina Chambers,2006-02-14,544 Tarsus Boulevard,Gurico,Valle de la Pascua,Venezuela
290,291,Toni Holt,2006-02-14,1936 Cuman Avenue,Virginia,Roanoke,United States
291,292,Misty Lambert,2006-02-14,1192 Tongliao Street,Sharja,Sharja,United Arab Emirates
292,293,Mae Fletcher,2006-02-14,44 Najafabad Way,Baskimaa,Donostia-San Sebastin,Spain
293,294,Shelly Watts,2006-02-14,32 Pudukkottai Lane,Ohio,Dayton,United States
294,295,Daisy Bates,2006-02-14,661 Chisinau Lane,Pietari,Kolpino,Russian Federation
295,296,Ramona Hale,2006-02-14,951 Stara Zagora Manor,Punjab,Patiala,India
296,297,Sherri Rhodes,2006-02-14,922 Vila Velha Loop,Maharashtra,Ahmadnagar,India
297,298,Erika Pena,2006-02-14,898 Jining Lane,Pohjois-Pohjanmaa,Oulu,Finland
298,299,James Gannon,2006-02-14,1635 Kuwana Boulevard,Hiroshima,Hiroshima,Japan
299,300,John Farnsworth,2006-02-14,41 El Alto Parkway,Maharashtra,Parbhani,India
300,301,Robert Baughman,2006-02-14,1883 Maikop Lane,Kaliningrad,Kaliningrad,Russian Federation
301,302,Michael Silverman,2006-02-14,1908 Gaziantep Place,Liaoning,Tiefa,China
302,303,William Satterfield,2006-02-14,687 Alessandria Parkway,Sanaa,Sanaa,Yemen
303,304,David Royal,2006-02-14,827 Yuncheng Drive,Callao,Callao,Peru
304,305,Richard Mccrary,2006-02-14,913 Coacalco de Berriozbal Loop,Texas,Arlington,United States
305,306,Charles Kowalski,2006-02-14,715 So Bernardo do Campo Lane,Kedah,Sungai Petani,Malaysia
306,307,Joseph Joy,2006-02-14,1354 Siegen Street,Rio de Janeiro,Angra dos Reis,Brazil
307,308,Thomas Grigsby,2006-02-14,1191 Sungai Petani Boulevard,Missouri,Kansas City,United States
308,309,Christopher Greco,2006-02-14,1224 Huejutla de Reyes Boulevard,Lombardia,Brescia,Italy
309,310,Daniel Cabral,2006-02-14,543 Bergamo Avenue,Minas Gerais,Ibirit,Brazil
310,311,Paul Trout,2006-02-14,746 Joliet Lane,Kursk,Kursk,Russian Federation
311,312,Mark Rinehart,2006-02-14,780 Kimberley Way,Tabuk,Tabuk,Saudi Arabia
312,313,Donald Mahon,2006-02-14,1774 Yaound Place,Hubei,Ezhou,China
313,314,George Linton,2006-02-14,1957 Yantai Lane,So Paulo,Sorocaba,Brazil
314,315,Kenneth Gooden,2006-02-14,1542 Lubumbashi Boulevard,Tel Aviv,Bat Yam,Israel
315,316,Steven Curley,2006-02-14,651 Pathankot Loop,Maharashtra,Miraj,India
316,317,Edward Baugh,2006-02-14,1359 Zhoushan Parkway,Streymoyar,Trshavn,Faroe Islands
317,318,Brian Wyman,2006-02-14,1769 Iwaki Lane,Kujawsko-Pomorskie,Bydgoszcz,Poland
318,319,Ronald Weiner,2006-02-14,1145 Vilnius Manor,Mxico,San Felipe del Progreso,Mexico
319,320,Anthony Schwab,2006-02-14,1892 Nabereznyje Telny Lane,Tutuila,Tafuna,American Samoa
320,321,Kevin Schuler,2006-02-14,470 Boksburg Street,Central,Birgunj,Nepal
321,322,Jason Morrissey,2006-02-14,1427 A Corua (La Corua) Place,Buenos Aires,Baha Blanca,Argentina
322,323,Matthew Mahan,2006-02-14,479 San Felipe del Progreso Avenue,Morelos,Cuautla,Mexico
323,324,Gary Coy,2006-02-14,867 Benin City Avenue,Henan,Yuzhou,China
324,325,Timothy Bunn,2006-02-14,981 Kumbakonam Place,Distrito Federal,Braslia,Brazil
325,326,Jose Andrew,2006-02-14,1016 Iwakuni Street,St George,Kingstown,Saint Vincent and the Grenadines
326,327,Larry Thrasher,2006-02-14,663 Baha Blanca Parkway,Adana,Adana,Turkey
327,328,Jeffrey Spear,2006-02-14,1860 Taguig Loop,West Java,Ciparay,Indonesia
328,329,Frank Waggoner,2006-02-14,1816 Bydgoszcz Loop,Dhaka,Jamalpur,Bangladesh
329,330,Scott Shelley,2006-02-14,587 Benguela Manor,Illinois,Aurora,United States
330,331,Eric Robert,2006-02-14,430 Kumbakonam Drive,Santa F,Santa F,Argentina
331,332,Stephen Qualls,2006-02-14,1838 Tabriz Lane,Dhaka,Dhaka,Bangladesh
332,333,Andrew Purdy,2006-02-14,431 Szkesfehrvr Avenue,Baki,Baku,Azerbaijan
333,334,Raymond Mcwhorter,2006-02-14,503 Sogamoso Loop,Sumqayit,Sumqayit,Azerbaijan
334,335,Gregory Mauldin,2006-02-14,507 Smolensk Loop,Sousse,Sousse,Tunisia
335,336,Joshua Mark,2006-02-14,1920 Weifang Avenue,Uttar Pradesh,Rampur,India
336,337,Jerry Jordon,2006-02-14,124 al-Manama Way,Hiroshima,Onomichi,Japan
337,338,Dennis Gilman,2006-02-14,1443 Mardan Street,Western Cape,Paarl,South Africa
338,339,Walter Perryman,2006-02-14,1909 Benguela Lane,Henan,Xinxiang,China
339,340,Patrick Newsom,2006-02-14,68 Ponce Parkway,Hanoi,Hanoi,Vietnam
340,341,Peter Menard,2006-02-14,1217 Konotop Avenue,Gelderland,Ede,Netherlands
341,342,Harold Martino,2006-02-14,1293 Nam Dinh Way,Roraima,Boa Vista,Brazil
342,343,Douglas Graf,2006-02-14,785 Vaduz Street,Baja California,Mexicali,Mexico
343,344,Henry Billingsley,2006-02-14,1516 Escobar Drive,Tongatapu,Nukualofa,Tonga
344,345,Carl Artis,2006-02-14,1628 Nagareyama Lane,Central,San Lorenzo,Paraguay
345,346,Arthur Simpkins,2006-02-14,1157 Nyeri Loop,Adygea,Maikop,Russian Federation
346,347,Ryan Salisbury,2006-02-14,1673 Tangail Drive,Daugavpils,Daugavpils,Latvia
347,348,Roger Quintanilla,2006-02-14,381 Kabul Way,Taipei,Hsichuh,Taiwan
348,349,Joe Gilliland,2006-02-14,953 Hodeida Street,Southern Tagalog,Imus,Philippines
349,350,Juan Fraley,2006-02-14,469 Nakhon Sawan Street,Tuvassia,Teboksary,Russian Federation
350,351,Jack Foust,2006-02-14,1378 Beira Loop,Krasnojarsk,Zeleznogorsk,Russian Federation
351,352,Albert Crouse,2006-02-14,1641 Changhwa Place,Nord-Ouest,Bamenda,Cameroon
352,353,Jonathan Scarborough,2006-02-14,1698 Southport Loop,Hidalgo,Pachuca de Soto,Mexico
353,354,Justin Ngo,2006-02-14,519 Nyeri Manor,So Paulo,Santo Andr,Brazil
354,355,Terry Grissom,2006-02-14,619 Hunuco Avenue,Shimane,Matsue,Japan
355,356,Gerald Fultz,2006-02-14,45 Aparecida de Goinia Place,Madhya Pradesh,Satna,India
356,357,Keith Rico,2006-02-14,482 Kowloon and New Kowloon Manor,Bratislava,Bratislava,Slovakia
357,358,Samuel Marlow,2006-02-14,604 Bern Place,Jharkhand,Ranchi,India
358,359,Willie Markham,2006-02-14,1623 Kingstown Drive,Buenos Aires,Almirante Brown,Argentina
359,360,Ralph Madrigal,2006-02-14,1009 Zanzibar Lane,Arecibo,Arecibo,Puerto Rico
360,361,Lawrence Lawton,2006-02-14,114 Jalib al-Shuyukh Manor,Centre,Yaound,Cameroon
361,362,Nicholas Barfield,2006-02-14,1163 London Parkway,Par,Belm,Brazil
362,363,Roy Whiting,2006-02-14,1658 Jastrzebie-Zdrj Loop,Central,Nyeri,Kenya
363,364,Benjamin Varney,2006-02-14,817 Laredo Avenue,Jalisco,Guadalajara,Mexico
364,365,Bruce Schwarz,2006-02-14,1565 Tangail Manor,Okinawa,Okinawa,Japan
365,366,Brandon Huey,2006-02-14,1912 Emeishan Drive,Balikesir,Balikesir,Turkey
366,367,Adam Gooch,2006-02-14,230 Urawa Drive,Andhra Pradesh,Adoni,India
367,368,Harry Arce,2006-02-14,1922 Miraj Way,Esfahan,Najafabad,Iran
368,369,Fred Wheat,2006-02-14,433 Florencia Street,Chihuahua,Jurez,Mexico
369,370,Wayne Truong,2006-02-14,1049 Matamoros Parkway,Karnataka,Gulbarga,India
370,371,Billy Poulin,2006-02-14,1061 Ede Avenue,Southern Tagalog,Cabuyao,Philippines
371,372,Steve Mackenzie,2006-02-14,154 Oshawa Manor,East Java,Probolinggo,Indonesia
372,373,Louis Leone,2006-02-14,1191 Tandil Drive,Southern Tagalog,Tanauan,Philippines
373,374,Jeremy Hurtado,2006-02-14,1133 Rizhao Avenue,Pernambuco,Vitria de Santo Anto,Brazil
374,375,Aaron Selby,2006-02-14,1519 Santiago de los Caballeros Loop,East Kasai,Mwene-Ditu,"Congo, The Democratic Republic of the"
375,376,Randy Gaither,2006-02-14,1618 Olomouc Manor,Kurgan,Kurgan,Russian Federation
376,377,Howard Fortner,2006-02-14,220 Hidalgo Drive,Kermanshah,Kermanshah,Iran
377,378,Eugene Culpepper,2006-02-14,686 Donostia-San Sebastin Lane,Guangdong,Shenzhen,China
378,379,Carlos Coughlin,2006-02-14,97 Mogiljov Lane,Gujarat,Bhavnagar,India
379,380,Russell Brinson,2006-02-14,1642 Charlotte Amalie Drive,Slaskie,Tychy,Poland
380,381,Bobby Boudreau,2006-02-14,1368 Maracabo Boulevard,,South Hill,Anguilla
381,382,Victor Barkley,2006-02-14,401 Sucre Boulevard,New Hampshire,Manchester,United States
382,383,Martin Bales,2006-02-14,368 Hunuco Boulevard,Namibe,Namibe,Angola
383,384,Ernest Stepp,2006-02-14,500 Lincoln Parkway,Jiangsu,Huaian,China
384,385,Phillip Holm,2006-02-14,102 Chapra Drive,Ibaragi,Tama,Japan
385,386,Todd Tan,2006-02-14,1793 Meixian Place,Hmelnytskyi,Kamjanets-Podilskyi,Ukraine
386,387,Jesse Schilling,2006-02-14,514 Ife Way,Shaba,Lubumbashi,"Congo, The Democratic Republic of the"
387,388,Craig Morrell,2006-02-14,717 Changzhou Lane,Southern Tagalog,Cavite,Philippines
388,389,Alan Kahn,2006-02-14,753 Ilorin Avenue,Sichuan,Emeishan,China
389,390,Shawn Heaton,2006-02-14,1337 Mit Ghamr Avenue,Nakhon Sawan,Nakhon Sawan,Thailand
390,391,Clarence Gamez,2006-02-14,767 Pyongyang Drive,Osaka,Izumisano,Japan
391,392,Sean Douglass,2006-02-14,614 Pak Kret Street,Addis Abeba,Addis Abeba,Ethiopia
392,393,Philip Causey,2006-02-14,954 Lapu-Lapu Way,Moskova,Korolev,Russian Federation
393,394,Chris Brothers,2006-02-14,331 Bydgoszcz Parkway,Asturia,Gijn,Spain
394,395,Johnny Turpin,2006-02-14,1152 Citrus Heights Manor,al-Qadarif,al-Qadarif,Sudan
395,396,Earl Shanks,2006-02-14,168 Cianjur Manor,Saitama,Iwatsuki,Japan
396,397,Jimmy Schrader,2006-02-14,616 Hagonoy Avenue,Krasnojarsk,Atinsk,Russian Federation
397,398,Antonio Meek,2006-02-14,1190 0 Place,Rio Grande do Sul,Bag,Brazil
398,399,Danny Isom,2006-02-14,734 Bchar Place,Punjab,Okara,Pakistan
399,400,Bryan Hardison,2006-02-14,530 Lausanne Lane,Texas,Dallas,United States
400,401,Tony Carranza,2006-02-14,454 Patiala Lane,Fukushima,Koriyama,Japan
401,402,Luis Yanez,2006-02-14,1346 Mysore Drive,Bretagne,Brest,France
402,403,Mike Way,2006-02-14,990 Etawah Loop,Tamil Nadu,Valparai,India
403,404,Stanley Scroggins,2006-02-14,1266 Laredo Parkway,Saitama,Omiya,Japan
404,405,Leonard Schofield,2006-02-14,88 Nagaon Manor,Buenos Aires,Tandil,Argentina
405,406,Nathan Runyon,2006-02-14,264 Bhimavaram Manor,St Thomas,Charlotte Amalie,"Virgin Islands, U.S."
406,407,Dale Ratcliff,2006-02-14,1639 Saarbrcken Drive,North West,Rustenburg,South Africa
407,408,Manuel Murrell,2006-02-14,692 Amroha Drive,Northern,Jaffna,Sri Lanka
408,409,Rodney Moeller,2006-02-14,1936 Lapu-Lapu Parkway,Bauchi & Gombe,Deba Habe,Nigeria
409,410,Curtis Irby,2006-02-14,432 Garden Grove Street,Ontario,Richmond Hill,Canada
410,411,Norman Currier,2006-02-14,1445 Carmen Parkway,West Java,Cianjur,Indonesia
411,412,Allen Butterfield,2006-02-14,791 Salinas Street,Punjab,Hoshiarpur,India
412,413,Marvin Yee,2006-02-14,126 Acua Parkway,West Bengali,Berhampore (Baharampur),India
413,414,Vincent Ralston,2006-02-14,397 Sunnyvale Avenue,Guanajuato,Allende,Mexico
414,415,Glenn Pullen,2006-02-14,992 Klerksdorp Loop,Utrecht,Amersfoort,Netherlands
415,416,Jeffery Pinson,2006-02-14,966 Arecibo Loop,Sind,Dadu,Pakistan
416,417,Travis Estep,2006-02-14,289 Santo Andr Manor,al-Sharqiya,al-Qatif,Saudi Arabia
417,418,Jeff East,2006-02-14,437 Chungho Drive,Puerto Plata,San Felipe de Puerto Plata,Dominican Republic
418,419,Chad Carbone,2006-02-14,1948 Bayugan Parkway,Bihar,Katihar,India
419,420,Jacob Lance,2006-02-14,1866 al-Qatif Avenue,California,El Monte,United States
420,421,Lee Hawks,2006-02-14,1661 Abha Drive,Tamil Nadu,Pudukkottai,India
421,422,Melvin Ellington,2006-02-14,1557 Cape Coral Parkway,Hubei,Laohekou,China
422,423,Alfred Casillas,2006-02-14,1727 Matamoros Place,Sawhaj,Sawhaj,Egypt
423,424,Kyle Spurlock,2006-02-14,1269 Botosani Manor,Guangdong,Shanwei,China
424,425,Francis Sikes,2006-02-14,355 Vitria de Santo Anto Way,Oaxaca,San Juan Bautista Tuxtepec,Mexico
425,426,Bradley Motley,2006-02-14,1596 Acua Parkway,Jharkhand,Purnea (Purnia),India
426,427,Jesus Mccartney,2006-02-14,259 Ipoh Drive,So Paulo,Guaruj,Brazil
427,428,Herbert Kruger,2006-02-14,1823 Hoshiarpur Lane,Komi,Syktyvkar,Russian Federation
428,429,Frederick Isbell,2006-02-14,1404 Taguig Drive,Okayama,Tsuyama,Japan
429,430,Ray Houle,2006-02-14,740 Udaipur Lane,Nizni Novgorod,Dzerzinsk,Russian Federation
430,431,Joel Francisco,2006-02-14,287 Cuautla Boulevard,Chuquisaca,Sucre,Bolivia
431,432,Edwin Burk,2006-02-14,1766 Almirante Brown Street,KwaZulu-Natal,Newcastle,South Africa
432,433,Don Bone,2006-02-14,596 Huixquilucan Place,Nampula,Naala-Porto,Mozambique
433,434,Eddie Tomlin,2006-02-14,1351 Aparecida de Goinia Parkway,Northern Mindanao,Ozamis,Philippines
434,435,Ricky Shelby,2006-02-14,722 Bradford Lane,Shandong,Junan,China
435,436,Troy Quigley,2006-02-14,983 Santa F Way,British Colombia,Vancouver,Canada
436,437,Randall Neumann,2006-02-14,1245 Ibirit Way,La Romana,La Romana,Dominican Republic
437,438,Barry Lovelace,2006-02-14,1836 Korla Parkway,Copperbelt,Kitwe,Zambia
438,439,Alexander Fennell,2006-02-14,231 Kaliningrad Place,Lombardia,Bergamo,Italy
439,440,Bernard Colby,2006-02-14,495 Bhimavaram Lane,Maharashtra,Dhule (Dhulia),India
440,441,Mario Cheatham,2006-02-14,1924 Shimonoseki Drive,Batna,Batna,Algeria
441,442,Leroy Bustamante,2006-02-14,105 Dzerzinsk Manor,Inner Mongolia,Tongliao,China
442,443,Francisco Skidmore,2006-02-14,614 Denizli Parkway,Rio Grande do Sul,So Leopoldo,Brazil
443,444,Marcus Hidalgo,2006-02-14,1289 Belm Boulevard,Tartumaa,Tartu,Estonia
444,445,Micheal Forman,2006-02-14,203 Tambaram Street,Buenos Aires,Escobar,Argentina
445,446,Theodore Culp,2006-02-14,1704 Tambaram Manor,West Bengali,Uluberia,India
446,447,Clifford Bowens,2006-02-14,207 Cuernavaca Loop,Tatarstan,Nabereznyje Telny,Russian Federation
447,448,Miguel Betancourt,2006-02-14,319 Springs Loop,Baijeri,Erlangen,Germany
448,449,Oscar Aquino,2006-02-14,956 Nam Dinh Manor,Kerman,Sirjan,Iran
449,450,Jay Robb,2006-02-14,1947 Paarl Way,Central Java,Surakarta,Indonesia
450,451,Jim Rea,2006-02-14,814 Simferopol Loop,Sinaloa,El Fuerte,Mexico
451,452,Tom Milner,2006-02-14,535 Ahmadnagar Manor,Abu Dhabi,Abu Dhabi,United Arab Emirates
452,453,Calvin Martel,2006-02-14,138 Caracas Boulevard,Zulia,Maracabo,Venezuela
453,454,Alex Gresham,2006-02-14,251 Florencia Drive,Michoacn de Ocampo,Uruapan,Mexico
454,455,Jon Wiles,2006-02-14,659 Gatineau Boulevard,La Paz,El Alto,Bolivia
455,456,Ronnie Ricketts,2006-02-14,1889 Valparai Way,Ziguinchor,Ziguinchor,Senegal
456,457,Bill Gavin,2006-02-14,1485 Bratislava Place,Illinois,Rockford,United States
457,458,Lloyd Dowd,2006-02-14,935 Aden Boulevard,Central Java,Tegal,Indonesia
458,459,Tommy Collazo,2006-02-14,76 Kermanshah Manor,Esfahan,Qomsheh,Iran
459,460,Leon Bostic,2006-02-14,734 Tanshui Avenue,Caquet,Florencia,Colombia
460,461,Derek Blakely,2006-02-14,118 Jaffna Loop,Northern Mindanao,Gingoog,Philippines
461,462,Warren Sherrod,2006-02-14,1621 Tongliao Avenue,Irkutsk,Usolje-Sibirskoje,Russian Federation
462,463,Darrell Power,2006-02-14,1844 Usak Avenue,Nova Scotia,Halifax,Canada
463,464,Jerome Kenyon,2006-02-14,1872 Toulon Loop,OHiggins,Rancagua,Chile
464,465,Floyd Gandy,2006-02-14,1088 Ibirit Place,Jalisco,Zapopan,Mexico
465,466,Leo Ebert,2006-02-14,1322 Mosul Parkway,Shandong,Dongying,China
466,467,Alvin Deloach,2006-02-14,1447 Chatsworth Place,Chihuahua,Cuauhtmoc,Mexico
467,468,Tim Cary,2006-02-14,1257 Guadalajara Street,Karnataka,Bijapur,India
468,469,Wesley Bull,2006-02-14,1469 Plock Lane,Galicia,Ourense (Orense),Spain
469,470,Gordon Allard,2006-02-14,434 Ourense (Orense) Manor,Hodeida,Hodeida,Yemen
470,471,Dean Sauer,2006-02-14,270 Tambaram Parkway,Gauteng,Johannesburg,South Africa
471,472,Greg Robins,2006-02-14,1786 Salinas Place,Nam Ha,Nam Dinh,Vietnam
472,473,Jorge Olivares,2006-02-14,1078 Stara Zagora Drive,Aceh,Lhokseumawe,Indonesia
473,474,Dustin Gillette,2006-02-14,1854 Okara Boulevard,Drenthe,Emmen,Netherlands
474,475,Pedro Chestnut,2006-02-14,421 Yaound Street,Sumy,ostka,Ukraine
475,476,Derrick Bourque,2006-02-14,1153 Allende Way,Qubec,Gatineau,Canada
476,477,Dan Paine,2006-02-14,808 Naala-Porto Parkway,England,Stockport,United Kingdom
477,478,Lewis Lyman,2006-02-14,632 Usolje-Sibirskoje Parkway,Ha Darom,Ashqelon,Israel
478,479,Zachary Hite,2006-02-14,98 Pyongyang Boulevard,Ohio,Akron,United States
479,480,Corey Hauser,2006-02-14,984 Novoterkassk Loop,Gaziantep,Gaziantep,Turkey
480,481,Herman Devore,2006-02-14,64 Korla Street,Mwanza,Mwanza,Tanzania
481,482,Maurice Crawley,2006-02-14,1785 So Bernardo do Campo Street,Veracruz,Coatzacoalcos,Mexico
482,483,Vernon Chapa,2006-02-14,698 Jelets Boulevard,Denizli,Denizli,Turkey
483,484,Roberto Vu,2006-02-14,1297 Alvorada Parkway,Ningxia,Yinchuan,China
484,485,Clyde Tobias,2006-02-14,1909 Dayton Avenue,Guangdong,Shaoguan,China
485,486,Glen Talbert,2006-02-14,1789 Saint-Denis Parkway,Coahuila de Zaragoza,Acua,Mexico
486,487,Hector Poindexter,2006-02-14,185 Mannheim Lane,Stavropol,Pjatigorsk,Russian Federation
487,488,Shane Millard,2006-02-14,184 Mandaluyong Street,Baja California Sur,La Paz,Mexico
488,489,Ricardo Meador,2006-02-14,591 Sungai Petani Drive,Okayama,Okayama,Japan
489,490,Sam Mcduffie,2006-02-14,656 Matamoros Drive,Boyac,Sogamoso,Colombia
490,491,Rick Mattox,2006-02-14,775 ostka Drive,al-Daqahliya,Mit Ghamr,Egypt
491,492,Lester Kraus,2006-02-14,1013 Tabuk Boulevard,West Bengali,Kanchrapara,India
492,493,Brent Harkins,2006-02-14,319 Plock Parkway,Istanbul,Sultanbeyli,Turkey
493,494,Ramon Choate,2006-02-14,1954 Kowloon and New Kowloon Way,Chimborazo,Robamba,Ecuador
494,495,Charlie Bess,2006-02-14,362 Rajkot Lane,Gansu,Baiyin,China
495,496,Tyler Wren,2006-02-14,1060 Tandil Lane,Shandong,Rizhao,China
496,497,Gilbert Sledge,2006-02-14,1515 Korla Way,England,York,United Kingdom
497,498,Gene Sanborn,2006-02-14,1416 San Juan Bautista Tuxtepec Avenue,Zufar,Salala,Oman
498,499,Marc Outlaw,2006-02-14,1 Valle de Santiago Avenue,Apulia,Brindisi,Italy
499,500,Reginald Kinder,2006-02-14,519 Brescia Parkway,East Java,Madiun,Indonesia
500,501,Ruben Geary,2006-02-14,414 Mandaluyong Street,Lubelskie,Lublin,Poland
501,502,Brett Cornwell,2006-02-14,1197 Sokoto Boulevard,West Bengali,Siliguri (Shiliguri),India
502,503,Angel Barclay,2006-02-14,496 Celaya Drive,Nagano,Ueda,Japan
503,504,Nathaniel Adam,2006-02-14,786 Matsue Way,Illinois,Joliet,United States
504,505,Rafael Abney,2006-02-14,48 Maracabo Place,Central Luzon,Talavera,Philippines
505,506,Leslie Seward,2006-02-14,1152 al-Qatif Lane,Kalimantan Barat,Pontianak,Indonesia
506,507,Edgar Rhoads,2006-02-14,1269 Ipoh Avenue,Eskisehir,Eskisehir,Turkey
507,508,Milton Howland,2006-02-14,758 Korolev Parkway,Andhra Pradesh,Vijayawada,India
508,509,Raul Fortier,2006-02-14,1747 Rustenburg Place,Bihar,Chapra,India
509,510,Ben Easter,2006-02-14,886 Tonghae Place,Volgograd,Kamyin,Russian Federation
510,511,Chester Benner,2006-02-14,1574 Goinia Boulevard,Heilongjiang,Suihua,China
511,512,Cecil Vines,2006-02-14,548 Uruapan Street,Ontario,London,United Kingdom
512,513,Duane Tubbs,2006-02-14,962 Tama Loop,,Yangor,Nauru
513,514,Franklin Troutman,2006-02-14,1778 Gijn Manor,Hubei,Zaoyang,China
514,515,Andre Rapp,2006-02-14,568 Dhule (Dhulia) Loop,Coquimbo,Coquimbo,Chile
515,516,Elmer Noe,2006-02-14,1768 Udine Loop,Battambang,Battambang,Cambodia
516,517,Brad Mccurdy,2006-02-14,608 Birgunj Parkway,Taipei,Chungho,Taiwan
517,518,Gabriel Harder,2006-02-14,680 A Corua (La Corua) Manor,Sivas,Sivas,Turkey
518,519,Ron Deluca,2006-02-14,1949 Sanya Street,Gumma,Isesaki,Japan
519,520,Mitchell Westmoreland,2006-02-14,617 Klerksdorp Place,Khanh Hoa,Nha Trang,Vietnam
520,521,Roland South,2006-02-14,1993 0 Loop,Liaoning,Yingkou,China
521,522,Arnold Havens,2006-02-14,1176 Southend-on-Sea Manor,Southern Tagalog,Santa Rosa,Philippines
522,523,Harvey Guajardo,2006-02-14,600 Purnea (Purnia) Avenue,Nghe An,Vinh,Vietnam
523,524,Jared Ely,2006-02-14,1003 Qinhuangdao Street,West Java,Purwakarta,Indonesia
524,525,Adrian Clary,2006-02-14,1986 Sivas Place,Friuli-Venezia Giuli,Udine,Italy
525,526,Karl Seal,2006-02-14,1427 Tabuk Place,Florida,Cape Coral,United States
526,527,Cory Meehan,2006-02-14,556 Asuncin Way,Mogiljov,Mogiljov,Belarus
527,528,Claude Herzog,2006-02-14,486 Ondo Parkway,Benguela,Benguela,Angola
528,529,Erik Guillen,2006-02-14,635 Brest Manor,Andhra Pradesh,Bhimavaram,India
529,530,Darryl Ashcraft,2006-02-14,166 Jinchang Street,Buenos Aires,Ezeiza,Argentina
530,531,Jamie Waugh,2006-02-14,958 Sagamihara Lane,Mie,Kuwana,Japan
531,532,Neil Renner,2006-02-14,1817 Livorno Way,Khanh Hoa,Cam Ranh,Vietnam
532,533,Jessie Milam,2006-02-14,1332 Gaziantep Lane,Shandong,Binzhou,China
533,534,Christian Jung,2006-02-14,949 Allende Lane,Uttar Pradesh,Amroha,India
534,535,Javier Elrod,2006-02-14,195 Ilorin Street,Chari-Baguirmi,NDjamna,Chad
535,536,Fernando Churchill,2006-02-14,193 Bhusawal Place,Kang-won,Tonghae,South Korea
536,537,Clinton Buford,2006-02-14,43 Vilnius Manor,Colorado,Aurora,United States
537,538,Ted Breaux,2006-02-14,183 Haiphong Street,Jilin,Baicheng,China
538,539,Mathew Bolin,2006-02-14,163 Augusta-Richmond County Loop,Carabobo,Valencia,Venezuela
539,540,Tyrone Asher,2006-02-14,191 Jos Azueta Parkway,Ruse,Ruse,Bulgaria
540,541,Darren Windham,2006-02-14,379 Lublin Parkway,Toscana,Livorno,Italy
541,542,Lonnie Tirado,2006-02-14,1658 Cuman Loop,Sumatera Selatan,Pangkal Pinang,Indonesia
542,543,Lance Pemberton,2006-02-14,454 Qinhuangdao Drive,Tadla-Azilal,Beni-Mellal,Morocco
543,544,Cody Nolen,2006-02-14,1715 Okayama Street,So Paulo,So Bernardo do Campo,Brazil
544,545,Julio Noland,2006-02-14,182 Nukualofa Drive,Sumy,Konotop,Ukraine
545,546,Kelly Knott,2006-02-14,390 Wroclaw Way,Hainan,Sanya,China
546,547,Kurt Emmons,2006-02-14,1421 Quilmes Lane,Ishikawa,Kanazawa,Japan
547,548,Allan Cornish,2006-02-14,947 Trshavn Place,Central Luzon,Tarlac,Philippines
548,549,Nelson Christenson,2006-02-14,1764 Jalib al-Shuyukh Parkway,Galicia,Santiago de Compostela,Spain
549,550,Guy Brownlee,2006-02-14,346 Cam Ranh Avenue,Zhejiang,Zhoushan,China
550,551,Clayton Barbee,2006-02-14,1407 Pachuca de Soto Place,Rio Grande do Sul,Alvorada,Brazil
551,552,Hugh Waldrop,2006-02-14,904 Clarksville Drive,Zhejiang,Haining,China
552,553,Max Pitt,2006-02-14,1917 Kumbakonam Parkway,Vojvodina,Novi Sad,Yugoslavia
553,554,Dwayne Olvera,2006-02-14,1447 Imus Place,Gujarat,Rajkot,India
554,555,Dwight Lombardi,2006-02-14,1497 Fengshan Drive,KwaZulu-Natal,Chatsworth,South Africa
555,556,Armando Gruber,2006-02-14,869 Shikarpur Way,England,Southport,United Kingdom
556,557,Felix Gaffney,2006-02-14,1059 Yuncheng Avenue,Vilna,Vilnius,Lithuania
557,558,Jimmie Eggleston,2006-02-14,505 Madiun Boulevard,Dolnoslaskie,Wroclaw,Poland
558,559,Everett Banda,2006-02-14,1741 Hoshiarpur Boulevard,al-Sharqiya,Bilbays,Egypt
559,560,Jordan Archuleta,2006-02-14,1229 Varanasi (Benares) Manor,Buenos Aires,Avellaneda,Argentina
560,561,Ian Still,2006-02-14,1894 Boa Vista Way,Texas,Garland,United States
561,562,Wallace Slone,2006-02-14,1342 Sharja Way,Sokoto & Kebbi & Zam,Sokoto,Nigeria
562,563,Ken Prewitt,2006-02-14,1342 Abha Boulevard,Bukarest,Bucuresti,Romania
563,564,Bob Pfeiffer,2006-02-14,415 Pune Avenue,Shandong,Xintai,China
564,565,Jaime Nettles,2006-02-14,1746 Faaa Way,Huanuco,Hunuco,Peru
565,566,Casey Mena,2006-02-14,539 Hami Way,Tokat,Tokat,Turkey
566,567,Alfredo Mcadams,2006-02-14,1407 Surakarta Manor,Moskova,Serpuhov,Russian Federation
567,568,Alberto Henning,2006-02-14,502 Mandi Bahauddin Parkway,Anzotegui,Barcelona,Venezuela
568,569,Dave Gardiner,2006-02-14,1052 Pathankot Avenue,Sichuan,Leshan,China
569,570,Ivan Cromwell,2006-02-14,1351 Sousse Lane,Coahuila de Zaragoza,Monclova,Mexico
570,571,Johnnie Chisholm,2006-02-14,1501 Pangkal Pinang Avenue,Mazowieckie,Plock,Poland
571,572,Sidney Burleson,2006-02-14,1405 Hagonoy Avenue,Slaskie,Czestochowa,Poland
572,573,Byron Box,2006-02-14,521 San Juan Bautista Tuxtepec Place,Qaraghandy,Zhezqazghan,Kazakstan
573,574,Julian Vest,2006-02-14,923 Tangail Boulevard,Tokyo-to,Akishima,Japan
574,575,Isaac Oglesby,2006-02-14,186 Skikda Lane,Morelos,Cuernavaca,Mexico
575,576,Morris Mccarter,2006-02-14,1568 Celaya Parkway,Kaohsiung,Fengshan,Taiwan
576,577,Clifton Malcolm,2006-02-14,1489 Kakamigahara Lane,Taipei,Tanshui,Taiwan
577,578,Willard Lumpkin,2006-02-14,1819 Alessandria Loop,Campeche,Carmen,Mexico
578,579,Daryl Larue,2006-02-14,1208 Tama Loop,Ninawa,Mosul,Iraq
579,580,Ross Grey,2006-02-14,951 Springs Lane,Central Mindanao,Iligan,Philippines
580,581,Virgil Wofford,2006-02-14,760 Miyakonojo Drive,Guerrero,Jos Azueta,Mexico
581,582,Andy Vanhorn,2006-02-14,966 Asuncin Way,Hidalgo,Huejutla de Reyes,Mexico
582,583,Marshall Thorn,2006-02-14,1584 Ljubertsy Lane,England,Southampton,United Kingdom
583,584,Salvador Teel,2006-02-14,247 Jining Parkway,Banjul,Banjul,Gambia
584,585,Perry Swafford,2006-02-14,773 Dallas Manor,Buenos Aires,Quilmes,Argentina
585,586,Kirk Stclair,2006-02-14,1923 Stara Zagora Lane,Nantou,Tsaotun,Taiwan
586,587,Sergio Stanfield,2006-02-14,1402 Zanzibar Boulevard,Guanajuato,Celaya,Mexico
587,588,Marion Ocampo,2006-02-14,1464 Kursk Parkway,Shandong,Weifang,China
588,589,Tracy Herrmann,2006-02-14,1074 Sanaa Parkway,Loja,Loja,Ecuador
589,590,Seth Hannon,2006-02-14,1759 Niznekamsk Avenue,al-Manama,al-Manama,Bahrain
590,591,Kent Arsenault,2006-02-14,32 Liaocheng Way,Minas Gerais,Juiz de Fora,Brazil
591,592,Terrance Roush,2006-02-14,42 Fontana Avenue,Fejr,Szkesfehrvr,Hungary
592,593,Rene Mcalister,2006-02-14,1895 Zhezqazghan Drive,California,Garden Grove,United States
593,594,Eduardo Hiatt,2006-02-14,1837 Kaduna Parkway,Inner Mongolia,Jining,China
594,595,Terrence Gunderson,2006-02-14,844 Bucuresti Place,Liaoning,Jinzhou,China
595,596,Enrique Forsythe,2006-02-14,1101 Bucuresti Boulevard,West Greece,Patras,Greece
596,597,Freddie Duggan,2006-02-14,1103 Quilmes Boulevard,Piura,Sullana,Peru
597,598,Wade Delvalle,2006-02-14,1331 Usak Boulevard,Vaud,Lausanne,Switzerland
598,599,Austin Cintron,2006-02-14,1325 Fukuyama Street,Heilongjiang,Tieli,China
